{
    "$schema": "https://schema.management.azure.com/schemas/2019-04-01/deploymentTemplate.json#",
    "contentVersion": "1.0.0.0",
    "parameters": {
        "workspaces_dbck_projetobloco_bigdata_name": {
            "defaultValue": "dbck_projetobloco_bigdata",
            "type": "String"
        }
    },
    "variables": {},
    "resources": [
        {
            "type": "Microsoft.Databricks/workspaces",
            "apiVersion": "2025-03-01-preview",
            "name": "[parameters('workspaces_dbck_projetobloco_bigdata_name')]",
            "location": "eastus",
            "sku": {
                "name": "standard"
            },
            "properties": {
                "managedResourceGroupId": "[concat('/subscriptions/1f945e59-2d20-40f8-90b8-549fe4c16e89/resourceGroups/databricks-rg-', parameters('workspaces_dbck_projetobloco_bigdata_name'), '-l2njwt677gcqo')]",
                "parameters": {
                    "enableNoPublicIp": {
                        "value": true
                    },
                    "natGatewayName": {
                        "value": "nat-gateway"
                    },
                    "prepareEncryption": {
                        "value": false
                    },
                    "publicIpName": {
                        "value": "nat-gw-public-ip"
                    },
                    "requireInfrastructureEncryption": {
                        "value": false
                    },
                    "storageAccountName": {
                        "value": "dbstoragelyn2wpmtmkb76"
                    },
                    "storageAccountSkuName": {
                        "value": "Standard_GRS"
                    },
                    "vnetAddressPrefix": {
                        "value": "10.139"
                    }
                },
                "authorizations": [
                    {
                        "principalId": "9a74af6f-d153-4348-988a-e2672920bee9",
                        "roleDefinitionId": "8e3af657-a8ff-443c-a75c-2fe8c4bcb635"
                    }
                ],
                "createdBy": {},
                "updatedBy": {}
            }
        }
    ]
}